subject,phase,trial,group,scr,condition,raw,half,quarter
1,renewal,1,control,1.004987562,CS+,1.01,1,5
1,renewal,2,control,0.838450953,CS+,0.703,1,5
1,renewal,3,control,1.113103769,CS+,1.239,1,5
1,renewal,4,control,0.985393322,CS+,0.971,1,5
1,renewal,5,control,0,CS+,0,2,6
1,renewal,6,control,0.623698645,CS+,0.389,2,6
1,renewal,7,control,0.661059755,CS+,0.437,2,6
1,renewal,8,control,0.756967635,CS+,0.573,2,6
1,renewal,9,control,0,CS+,0,2,6
1,renewal,10,control,0.854400375,CS+,0.73,2,6
1,renewal,11,control,0,CS+,0,2,6
1,renewal,12,control,0,CS+,0,2,6
1,renewal,1,control,1.252996409,CS-,1.57,1,5
1,renewal,2,control,1.009950494,CS-,1.02,1,5
1,renewal,3,control,0.866025404,CS-,0.75,1,5
1,renewal,4,control,0.756306816,CS-,0.572,1,5
1,renewal,5,control,1.134460224,CS-,1.287,2,6
1,renewal,6,control,0,CS-,0,2,6
1,renewal,7,control,0,CS-,0,2,6
1,renewal,8,control,0,CS-,0,2,6
1,renewal,9,control,0,CS-,0,2,6
1,renewal,10,control,0.793725393,CS-,0.63,2,6
1,renewal,11,control,0,CS-,0,2,6
1,renewal,12,control,0,CS-,0,2,6
2,renewal,1,control,0.968504001,CS+,0.938,1,5
2,renewal,2,control,0.731436942,CS+,0.535,1,5
2,renewal,3,control,1.063954886,CS+,1.132,1,5
2,renewal,4,control,0.974679434,CS+,0.95,1,5
2,renewal,5,control,0.678232998,CS+,0.46,2,6
2,renewal,6,control,0,CS+,0,2,6
2,renewal,7,control,0.514781507,CS+,0.265,2,6
2,renewal,8,control,0.452769257,CS+,0.205,2,6
2,renewal,9,control,0,CS+,0,2,6
2,renewal,10,control,0.613188389,CS+,0.376,2,6
2,renewal,11,control,0.756967635,CS+,0.573,2,6
2,renewal,12,control,0,CS+,0,2,6
2,renewal,1,control,0.847348807,CS-,0.718,1,5
2,renewal,2,control,0,CS-,0,1,5
2,renewal,3,control,0.705691151,CS-,0.498,1,5
2,renewal,4,control,0,CS-,0,1,5
2,renewal,5,control,0.698569968,CS-,0.488,2,6
2,renewal,6,control,0,CS-,0,2,6
2,renewal,7,control,0,CS-,0,2,6
2,renewal,8,control,0,CS-,0,2,6
2,renewal,9,control,0,CS-,0,2,6
2,renewal,10,control,0,CS-,0,2,6
2,renewal,11,control,0.517687164,CS-,0.268,2,6
2,renewal,12,control,0,CS-,0,2,6
3,renewal,1,control,1.046422477,CS+,1.095,1,5
3,renewal,2,control,0.96072889,CS+,0.923,1,5
3,renewal,3,control,1.099090533,CS+,1.208,1,5
3,renewal,4,control,0.642650761,CS+,0.413,1,5
3,renewal,5,control,0,CS+,0,2,6
3,renewal,6,control,0.602494813,CS+,0.363,2,6
3,renewal,7,control,0,CS+,0,2,6
3,renewal,8,control,0,CS+,0,2,6
3,renewal,9,control,0,CS+,0,2,6
3,renewal,10,control,0,CS+,0,2,6
3,renewal,11,control,0,CS+,0,2,6
3,renewal,12,control,1.29305839,CS+,1.672,2,6
3,renewal,1,control,1.098180313,CS-,1.206,1,5
3,renewal,2,control,0.914877041,CS-,0.837,1,5
3,renewal,3,control,0.679705819,CS-,0.462,1,5
3,renewal,4,control,0,CS-,0,1,5
3,renewal,5,control,0,CS-,0,2,6
3,renewal,6,control,0,CS-,0,2,6
3,renewal,7,control,0,CS-,0,2,6
3,renewal,8,control,0,CS-,0,2,6
3,renewal,9,control,0,CS-,0,2,6
3,renewal,10,control,0,CS-,0,2,6
3,renewal,11,control,0,CS-,0,2,6
3,renewal,12,control,0,CS-,0,2,6
4,renewal,1,control,1.080277742,CS+,1.167,1,5
4,renewal,2,control,0.677495387,CS+,0.459,1,5
4,renewal,3,control,1.038267788,CS+,1.078,1,5
4,renewal,4,control,0,CS+,0,1,5
4,renewal,5,control,0,CS+,0,2,6
4,renewal,6,control,0,CS+,0,2,6
4,renewal,7,control,0,CS+,0,2,6
4,renewal,8,control,0,CS+,0,2,6
4,renewal,9,control,0,CS+,0,2,6
4,renewal,10,control,0,CS+,0,2,6
4,renewal,11,control,0,CS+,0,2,6
4,renewal,12,control,0,CS+,0,2,6
4,renewal,1,control,1.149347641,CS-,1.321,1,5
4,renewal,2,control,0,CS-,0,1,5
4,renewal,3,control,0,CS-,0,1,5
4,renewal,4,control,0,CS-,0,1,5
4,renewal,5,control,0,CS-,0,2,6
4,renewal,6,control,0,CS-,0,2,6
4,renewal,7,control,0,CS-,0,2,6
4,renewal,8,control,0,CS-,0,2,6
4,renewal,9,control,0.810555365,CS-,0.657,2,6
4,renewal,10,control,0,CS-,0,2,6
4,renewal,11,control,0,CS-,0,2,6
4,renewal,12,control,0,CS-,0,2,6
5,renewal,1,control,0.493963561,CS+,0.244,1,5
5,renewal,2,control,1.514265499,CS+,2.293,1,5
5,renewal,3,control,1.17686023,CS+,1.385,1,5
5,renewal,4,control,0.586515132,CS+,0.344,1,5
5,renewal,5,control,0,CS+,0,2,6
5,renewal,6,control,0,CS+,0,2,6
5,renewal,7,control,0,CS+,0,2,6
5,renewal,8,control,0,CS+,0,2,6
5,renewal,9,control,0,CS+,0,2,6
5,renewal,10,control,0,CS+,0,2,6
5,renewal,11,control,0,CS+,0,2,6
5,renewal,12,control,0,CS+,0,2,6
5,renewal,1,control,0,CS-,0,1,5
5,renewal,2,control,1.027131929,CS-,1.055,1,5
5,renewal,3,control,0.509901951,CS-,0.26,1,5
5,renewal,4,control,0,CS-,0,1,5
5,renewal,5,control,0,CS-,0,2,6
5,renewal,6,control,0,CS-,0,2,6
5,renewal,7,control,0,CS-,0,2,6
5,renewal,8,control,0,CS-,0,2,6
5,renewal,9,control,0,CS-,0,2,6
5,renewal,10,control,0,CS-,0,2,6
5,renewal,11,control,0,CS-,0,2,6
5,renewal,12,control,0,CS-,0,2,6
6,renewal,1,control,0,CS+,0,1,5
6,renewal,2,control,0,CS+,0,1,5
6,renewal,3,control,0,CS+,0,1,5
6,renewal,4,control,0,CS+,0,1,5
6,renewal,5,control,0,CS+,0,2,6
6,renewal,6,control,0,CS+,0,2,6
6,renewal,7,control,0,CS+,0,2,6
6,renewal,8,control,0,CS+,0,2,6
6,renewal,9,control,0,CS+,0,2,6
6,renewal,10,control,0,CS+,0,2,6
6,renewal,11,control,0,CS+,0,2,6
6,renewal,12,control,0,CS+,0,2,6
6,renewal,1,control,0,CS-,0,1,5
6,renewal,2,control,0,CS-,0,1,5
6,renewal,3,control,0,CS-,0,1,5
6,renewal,4,control,0,CS-,0,1,5
6,renewal,5,control,0,CS-,0,2,6
6,renewal,6,control,0,CS-,0,2,6
6,renewal,7,control,0,CS-,0,2,6
6,renewal,8,control,0,CS-,0,2,6
6,renewal,9,control,0,CS-,0,2,6
6,renewal,10,control,0,CS-,0,2,6
6,renewal,11,control,0,CS-,0,2,6
6,renewal,12,control,0,CS-,0,2,6
7,renewal,1,control,0,CS+,0,1,5
7,renewal,2,control,0,CS+,0,1,5
7,renewal,3,control,0,CS+,0,1,5
7,renewal,4,control,0,CS+,0,1,5
7,renewal,5,control,0,CS+,0,2,6
7,renewal,6,control,0,CS+,0,2,6
7,renewal,7,control,0,CS+,0,2,6
7,renewal,8,control,0,CS+,0,2,6
7,renewal,9,control,0,CS+,0,2,6
7,renewal,10,control,0,CS+,0,2,6
7,renewal,11,control,0,CS+,0,2,6
7,renewal,12,control,0,CS+,0,2,6
7,renewal,1,control,0,CS-,0,1,5
7,renewal,2,control,0,CS-,0,1,5
7,renewal,3,control,0,CS-,0,1,5
7,renewal,4,control,0,CS-,0,1,5
7,renewal,5,control,0,CS-,0,2,6
7,renewal,6,control,0,CS-,0,2,6
7,renewal,7,control,0,CS-,0,2,6
7,renewal,8,control,0,CS-,0,2,6
7,renewal,9,control,0,CS-,0,2,6
7,renewal,10,control,0,CS-,0,2,6
7,renewal,11,control,0,CS-,0,2,6
7,renewal,12,control,0,CS-,0,2,6
8,renewal,1,control,0.801872808,CS+,0.643,1,5
8,renewal,2,control,0.442718872,CS+,0.196,1,5
8,renewal,3,control,0,CS+,0,1,5
8,renewal,4,control,0,CS+,0,1,5
8,renewal,5,control,0.558569602,CS+,0.312,2,6
8,renewal,6,control,0,CS+,0,2,6
8,renewal,7,control,0.709224929,CS+,0.503,2,6
8,renewal,8,control,0,CS+,0,2,6
8,renewal,9,control,0,CS+,0,2,6
8,renewal,10,control,0,CS+,0,2,6
8,renewal,11,control,0,CS+,0,2,6
8,renewal,12,control,0.490917508,CS+,0.241,2,6
8,renewal,1,control,1.347219359,CS-,1.815,1,5
8,renewal,2,control,0,CS-,0,1,5
8,renewal,3,control,0.782943165,CS-,0.613,1,5
8,renewal,4,control,0,CS-,0,1,5
8,renewal,5,control,0,CS-,0,2,6
8,renewal,6,control,0,CS-,0,2,6
8,renewal,7,control,0,CS-,0,2,6
8,renewal,8,control,0.798122798,CS-,0.637,2,6
8,renewal,9,control,0,CS-,0,2,6
8,renewal,10,control,0,CS-,0,2,6
8,renewal,11,control,0,CS-,0,2,6
8,renewal,12,control,0,CS-,0,2,6
9,renewal,1,control,1.019803903,CS+,1.04,1,5
9,renewal,2,control,0.837257428,CS+,0.701,1,5
9,renewal,3,control,0.570964097,CS+,0.326,1,5
9,renewal,4,control,0.82097503,CS+,0.674,1,5
9,renewal,5,control,0.808702665,CS+,0.654,2,6
9,renewal,6,control,0,CS+,0,2,6
9,renewal,7,control,0,CS+,0,2,6
9,renewal,8,control,0,CS+,0,2,6
9,renewal,9,control,0,CS+,0,2,6
9,renewal,10,control,0.594978991,CS+,0.354,2,6
9,renewal,11,control,0.46151923,CS+,0.213,2,6
9,renewal,12,control,0,CS+,0,2,6
9,renewal,1,control,0.999499875,CS-,0.999,1,5
9,renewal,2,control,0.467974358,CS-,0.219,1,5
9,renewal,3,control,0.925742945,CS-,0.857,1,5
9,renewal,4,control,0.857904424,CS-,0.736,1,5
9,renewal,5,control,0.635609943,CS-,0.404,2,6
9,renewal,6,control,0.708519583,CS-,0.502,2,6
9,renewal,7,control,0.581377674,CS-,0.338,2,6
9,renewal,8,control,0,CS-,0,2,6
9,renewal,9,control,0,CS-,0,2,6
9,renewal,10,control,0.608276253,CS-,0.37,2,6
9,renewal,11,control,0,CS-,0,2,6
9,renewal,12,control,0,CS-,0,2,6
10,renewal,1,control,0.766159252,CS+,0.587,1,5
10,renewal,2,control,0.667083203,CS+,0.445,1,5
10,renewal,3,control,0.494974747,CS+,0.245,1,5
10,renewal,4,control,0.554977477,CS+,0.308,1,5
10,renewal,5,control,0.701427117,CS+,0.492,2,6
10,renewal,6,control,0,CS+,0,2,6
10,renewal,7,control,0.526307895,CS+,0.277,2,6
10,renewal,8,control,0.549545267,CS+,0.302,2,6
10,renewal,9,control,0.8336666,CS+,0.695,2,6
10,renewal,10,control,0,CS+,0,2,6
10,renewal,11,control,0.82643814,CS+,0.683,2,6
10,renewal,12,control,0.544977064,CS+,0.297,2,6
10,renewal,1,control,0.771362431,CS-,0.595,1,5
10,renewal,2,control,0.860813569,CS-,0.741,1,5
10,renewal,3,control,0,CS-,0,1,5
10,renewal,4,control,0.727323862,CS-,0.529,1,5
10,renewal,5,control,0.570087713,CS-,0.325,2,6
10,renewal,6,control,0,CS-,0,2,6
10,renewal,7,control,0,CS-,0,2,6
10,renewal,8,control,0,CS-,0,2,6
10,renewal,9,control,0,CS-,0,2,6
10,renewal,10,control,0,CS-,0,2,6
10,renewal,11,control,0.690651866,CS-,0.477,2,6
10,renewal,12,control,0,CS-,0,2,6
12,renewal,1,control,0,CS+,0,1,5
12,renewal,2,control,0,CS+,0,1,5
12,renewal,3,control,0,CS+,0,1,5
12,renewal,4,control,0,CS+,0,1,5
12,renewal,5,control,0,CS+,0,2,6
12,renewal,6,control,0,CS+,0,2,6
12,renewal,7,control,0,CS+,0,2,6
12,renewal,8,control,0,CS+,0,2,6
12,renewal,9,control,0,CS+,0,2,6
12,renewal,10,control,0,CS+,0,2,6
12,renewal,11,control,0,CS+,0,2,6
12,renewal,12,control,0,CS+,0,2,6
12,renewal,1,control,0.570964097,CS-,0.326,1,5
12,renewal,2,control,0,CS-,0,1,5
12,renewal,3,control,0,CS-,0,1,5
12,renewal,4,control,0,CS-,0,1,5
12,renewal,5,control,0,CS-,0,2,6
12,renewal,6,control,0,CS-,0,2,6
12,renewal,7,control,0,CS-,0,2,6
12,renewal,8,control,0,CS-,0,2,6
12,renewal,9,control,0,CS-,0,2,6
12,renewal,10,control,0,CS-,0,2,6
12,renewal,11,control,0,CS-,0,2,6
12,renewal,12,control,0,CS-,0,2,6
13,renewal,1,control,0,CS+,0,1,5
13,renewal,2,control,0,CS+,0,1,5
13,renewal,3,control,0,CS+,0,1,5
13,renewal,4,control,0,CS+,0,1,5
13,renewal,5,control,0,CS+,0,2,6
13,renewal,6,control,0,CS+,0,2,6
13,renewal,7,control,0,CS+,0,2,6
13,renewal,8,control,0,CS+,0,2,6
13,renewal,9,control,0,CS+,0,2,6
13,renewal,10,control,0,CS+,0,2,6
13,renewal,11,control,0,CS+,0,2,6
13,renewal,12,control,0,CS+,0,2,6
13,renewal,1,control,0,CS-,0,1,5
13,renewal,2,control,0,CS-,0,1,5
13,renewal,3,control,0,CS-,0,1,5
13,renewal,4,control,0,CS-,0,1,5
13,renewal,5,control,0,CS-,0,2,6
13,renewal,6,control,0,CS-,0,2,6
13,renewal,7,control,0,CS-,0,2,6
13,renewal,8,control,0,CS-,0,2,6
13,renewal,9,control,0,CS-,0,2,6
13,renewal,10,control,0,CS-,0,2,6
13,renewal,11,control,0,CS-,0,2,6
13,renewal,12,control,0,CS-,0,2,6
14,renewal,1,control,0,CS+,0,1,5
14,renewal,2,control,0,CS+,0,1,5
14,renewal,3,control,0,CS+,0,1,5
14,renewal,4,control,0,CS+,0,1,5
14,renewal,5,control,0,CS+,0,2,6
14,renewal,6,control,0,CS+,0,2,6
14,renewal,7,control,0,CS+,0,2,6
14,renewal,8,control,0,CS+,0,2,6
14,renewal,9,control,0,CS+,0,2,6
14,renewal,10,control,0,CS+,0,2,6
14,renewal,11,control,0,CS+,0,2,6
14,renewal,12,control,0,CS+,0,2,6
14,renewal,1,control,0,CS-,0,1,5
14,renewal,2,control,0,CS-,0,1,5
14,renewal,3,control,0,CS-,0,1,5
14,renewal,4,control,0,CS-,0,1,5
14,renewal,5,control,0,CS-,0,2,6
14,renewal,6,control,0,CS-,0,2,6
14,renewal,7,control,0,CS-,0,2,6
14,renewal,8,control,0,CS-,0,2,6
14,renewal,9,control,0,CS-,0,2,6
14,renewal,10,control,0,CS-,0,2,6
14,renewal,11,control,0,CS-,0,2,6
14,renewal,12,control,0,CS-,0,2,6
15,renewal,1,control,0,CS+,0,1,5
15,renewal,2,control,0,CS+,0,1,5
15,renewal,3,control,0,CS+,0,1,5
15,renewal,4,control,0,CS+,0,1,5
15,renewal,5,control,0,CS+,0,2,6
15,renewal,6,control,0,CS+,0,2,6
15,renewal,7,control,0,CS+,0,2,6
15,renewal,8,control,0,CS+,0,2,6
15,renewal,9,control,0,CS+,0,2,6
15,renewal,10,control,0,CS+,0,2,6
15,renewal,11,control,0,CS+,0,2,6
15,renewal,12,control,0,CS+,0,2,6
15,renewal,1,control,0,CS-,0,1,5
15,renewal,2,control,0,CS-,0,1,5
15,renewal,3,control,0,CS-,0,1,5
15,renewal,4,control,0,CS-,0,1,5
15,renewal,5,control,0,CS-,0,2,6
15,renewal,6,control,0,CS-,0,2,6
15,renewal,7,control,0,CS-,0,2,6
15,renewal,8,control,0,CS-,0,2,6
15,renewal,9,control,0,CS-,0,2,6
15,renewal,10,control,0,CS-,0,2,6
15,renewal,11,control,0,CS-,0,2,6
15,renewal,12,control,0,CS-,0,2,6
16,renewal,1,control,0,CS+,0,1,5
16,renewal,2,control,0.466904701,CS+,0.218,1,5
16,renewal,3,control,0.925742945,CS+,0.857,1,5
16,renewal,4,control,0,CS+,0,1,5
16,renewal,5,control,0,CS+,0,2,6
16,renewal,6,control,0,CS+,0,2,6
16,renewal,7,control,0,CS+,0,2,6
16,renewal,8,control,0,CS+,0,2,6
16,renewal,9,control,0,CS+,0,2,6
16,renewal,10,control,0,CS+,0,2,6
16,renewal,11,control,0,CS+,0,2,6
16,renewal,12,control,0.642650761,CS+,0.413,2,6
16,renewal,1,control,0,CS-,0,1,5
16,renewal,2,control,0,CS-,0,1,5
16,renewal,3,control,0,CS-,0,1,5
16,renewal,4,control,0,CS-,0,1,5
16,renewal,5,control,0,CS-,0,2,6
16,renewal,6,control,0,CS-,0,2,6
16,renewal,7,control,0,CS-,0,2,6
16,renewal,8,control,0,CS-,0,2,6
16,renewal,9,control,0,CS-,0,2,6
16,renewal,10,control,0,CS-,0,2,6
16,renewal,11,control,0,CS-,0,2,6
16,renewal,12,control,0,CS-,0,2,6
17,renewal,1,control,0,CS+,0,1,5
17,renewal,2,control,0,CS+,0,1,5
17,renewal,3,control,0.505964426,CS+,0.256,1,5
17,renewal,4,control,0,CS+,0,1,5
17,renewal,5,control,0,CS+,0,2,6
17,renewal,6,control,0,CS+,0,2,6
17,renewal,7,control,0,CS+,0,2,6
17,renewal,8,control,0,CS+,0,2,6
17,renewal,9,control,0,CS+,0,2,6
17,renewal,10,control,0,CS+,0,2,6
17,renewal,11,control,0,CS+,0,2,6
17,renewal,12,control,0,CS+,0,2,6
17,renewal,1,control,0,CS-,0,1,5
17,renewal,2,control,0,CS-,0,1,5
17,renewal,3,control,0,CS-,0,1,5
17,renewal,4,control,0,CS-,0,1,5
17,renewal,5,control,0,CS-,0,2,6
17,renewal,6,control,0,CS-,0,2,6
17,renewal,7,control,0,CS-,0,2,6
17,renewal,8,control,0,CS-,0,2,6
17,renewal,9,control,0,CS-,0,2,6
17,renewal,10,control,0,CS-,0,2,6
17,renewal,11,control,0,CS-,0,2,6
17,renewal,12,control,0,CS-,0,2,6
18,renewal,1,control,0,CS+,0,1,5
18,renewal,2,control,0,CS+,0,1,5
18,renewal,3,control,0,CS+,0,1,5
18,renewal,4,control,0,CS+,0,1,5
18,renewal,5,control,0,CS+,0,2,6
18,renewal,6,control,0,CS+,0,2,6
18,renewal,7,control,0,CS+,0,2,6
18,renewal,8,control,0,CS+,0,2,6
18,renewal,9,control,0,CS+,0,2,6
18,renewal,10,control,0,CS+,0,2,6
18,renewal,11,control,0,CS+,0,2,6
18,renewal,12,control,0,CS+,0,2,6
18,renewal,1,control,0,CS-,0,1,5
18,renewal,2,control,0,CS-,0,1,5
18,renewal,3,control,0,CS-,0,1,5
18,renewal,4,control,0,CS-,0,1,5
18,renewal,5,control,0,CS-,0,2,6
18,renewal,6,control,0,CS-,0,2,6
18,renewal,7,control,0,CS-,0,2,6
18,renewal,8,control,0,CS-,0,2,6
18,renewal,9,control,0,CS-,0,2,6
18,renewal,10,control,0,CS-,0,2,6
18,renewal,11,control,0,CS-,0,2,6
18,renewal,12,control,0,CS-,0,2,6
19,renewal,1,control,0,CS+,0,1,5
19,renewal,2,control,0,CS+,0,1,5
19,renewal,3,control,0,CS+,0,1,5
19,renewal,4,control,0,CS+,0,1,5
19,renewal,5,control,0,CS+,0,2,6
19,renewal,6,control,0,CS+,0,2,6
19,renewal,7,control,0,CS+,0,2,6
19,renewal,8,control,0,CS+,0,2,6
19,renewal,9,control,0,CS+,0,2,6
19,renewal,10,control,0,CS+,0,2,6
19,renewal,11,control,0,CS+,0,2,6
19,renewal,12,control,0,CS+,0,2,6
19,renewal,1,control,0,CS-,0,1,5
19,renewal,2,control,0,CS-,0,1,5
19,renewal,3,control,0,CS-,0,1,5
19,renewal,4,control,0,CS-,0,1,5
19,renewal,5,control,0,CS-,0,2,6
19,renewal,6,control,0,CS-,0,2,6
19,renewal,7,control,0,CS-,0,2,6
19,renewal,8,control,0,CS-,0,2,6
19,renewal,9,control,0,CS-,0,2,6
19,renewal,10,control,0,CS-,0,2,6
19,renewal,11,control,0,CS-,0,2,6
19,renewal,12,control,0,CS-,0,2,6
20,renewal,1,control,0,CS+,0,1,5
20,renewal,2,control,0,CS+,0,1,5
20,renewal,3,control,0,CS+,0,1,5
20,renewal,4,control,0,CS+,0,1,5
20,renewal,5,control,0,CS+,0,2,6
20,renewal,6,control,0,CS+,0,2,6
20,renewal,7,control,0,CS+,0,2,6
20,renewal,8,control,0,CS+,0,2,6
20,renewal,9,control,0,CS+,0,2,6
20,renewal,10,control,0,CS+,0,2,6
20,renewal,11,control,0,CS+,0,2,6
20,renewal,12,control,0,CS+,0,2,6
20,renewal,1,control,0,CS-,0,1,5
20,renewal,2,control,0,CS-,0,1,5
20,renewal,3,control,0,CS-,0,1,5
20,renewal,4,control,0,CS-,0,1,5
20,renewal,5,control,0,CS-,0,2,6
20,renewal,6,control,0,CS-,0,2,6
20,renewal,7,control,0,CS-,0,2,6
20,renewal,8,control,0,CS-,0,2,6
20,renewal,9,control,0,CS-,0,2,6
20,renewal,10,control,0,CS-,0,2,6
20,renewal,11,control,0,CS-,0,2,6
20,renewal,12,control,0,CS-,0,2,6
21,renewal,1,control,0,CS+,0,1,5
21,renewal,2,control,0,CS+,0,1,5
21,renewal,3,control,0,CS+,0,1,5
21,renewal,4,control,0,CS+,0,1,5
21,renewal,5,control,0,CS+,0,2,6
21,renewal,6,control,0,CS+,0,2,6
21,renewal,7,control,0,CS+,0,2,6
21,renewal,8,control,0,CS+,0,2,6
21,renewal,9,control,0,CS+,0,2,6
21,renewal,10,control,0,CS+,0,2,6
21,renewal,11,control,0,CS+,0,2,6
21,renewal,12,control,0,CS+,0,2,6
21,renewal,1,control,0,CS-,0,1,5
21,renewal,2,control,0,CS-,0,1,5
21,renewal,3,control,0,CS-,0,1,5
21,renewal,4,control,0,CS-,0,1,5
21,renewal,5,control,0,CS-,0,2,6
21,renewal,6,control,0,CS-,0,2,6
21,renewal,7,control,0,CS-,0,2,6
21,renewal,8,control,0,CS-,0,2,6
21,renewal,9,control,0,CS-,0,2,6
21,renewal,10,control,0,CS-,0,2,6
21,renewal,11,control,0,CS-,0,2,6
21,renewal,12,control,0,CS-,0,2,6
23,renewal,1,control,0.87235314,CS+,0.761,1,5
23,renewal,2,control,1.341268057,CS+,1.799,1,5
23,renewal,3,control,0.605805249,CS+,0.367,1,5
23,renewal,4,control,0.788035532,CS+,0.621,1,5
23,renewal,5,control,0.887130205,CS+,0.787,2,6
23,renewal,6,control,0,CS+,0,2,6
23,renewal,7,control,0,CS+,0,2,6
23,renewal,8,control,0,CS+,0,2,6
23,renewal,9,control,0,CS+,0,2,6
23,renewal,10,control,0,CS+,0,2,6
23,renewal,11,control,0,CS+,0,2,6
23,renewal,12,control,0,CS+,0,2,6
23,renewal,1,control,0.617251974,CS-,0.381,1,5
23,renewal,2,control,0,CS-,0,1,5
23,renewal,3,control,0,CS-,0,1,5
23,renewal,4,control,0,CS-,0,1,5
23,renewal,5,control,0,CS-,0,2,6
23,renewal,6,control,0,CS-,0,2,6
23,renewal,7,control,0,CS-,0,2,6
23,renewal,8,control,0,CS-,0,2,6
23,renewal,9,control,0.725947657,CS-,0.527,2,6
23,renewal,10,control,0,CS-,0,2,6
23,renewal,11,control,0,CS-,0,2,6
23,renewal,12,control,0,CS-,0,2,6
24,renewal,1,control,1.947049049,CS+,3.791,1,5
24,renewal,2,control,1.689082591,CS+,2.853,1,5
24,renewal,3,control,1.415273825,CS+,2.003,1,5
24,renewal,4,control,0,CS+,0,1,5
24,renewal,5,control,0.744983221,CS+,0.555,2,6
24,renewal,6,control,0,CS+,0,2,6
24,renewal,7,control,0,CS+,0,2,6
24,renewal,8,control,0,CS+,0,2,6
24,renewal,9,control,0,CS+,0,2,6
24,renewal,10,control,0,CS+,0,2,6
24,renewal,11,control,0,CS+,0,2,6
24,renewal,12,control,0,CS+,0,2,6
24,renewal,1,control,1.724238963,CS-,2.973,1,5
24,renewal,2,control,1.219426095,CS-,1.487,1,5
24,renewal,3,control,0.854400375,CS-,0.73,1,5
24,renewal,4,control,0,CS-,0,1,5
24,renewal,5,control,0.591607978,CS-,0.35,2,6
24,renewal,6,control,0,CS-,0,2,6
24,renewal,7,control,0,CS-,0,2,6
24,renewal,8,control,0,CS-,0,2,6
24,renewal,9,control,0,CS-,0,2,6
24,renewal,10,control,0,CS-,0,2,6
24,renewal,11,control,0,CS-,0,2,6
24,renewal,12,control,0,CS-,0,2,6
25,renewal,1,control,0,CS+,0,1,5
25,renewal,2,control,0,CS+,0,1,5
25,renewal,3,control,0,CS+,0,1,5
25,renewal,4,control,0,CS+,0,1,5
25,renewal,5,control,0,CS+,0,2,6
25,renewal,6,control,0,CS+,0,2,6
25,renewal,7,control,0,CS+,0,2,6
25,renewal,8,control,0,CS+,0,2,6
25,renewal,9,control,0,CS+,0,2,6
25,renewal,10,control,0,CS+,0,2,6
25,renewal,11,control,0,CS+,0,2,6
25,renewal,12,control,0,CS+,0,2,6
25,renewal,1,control,0,CS-,0,1,5
25,renewal,2,control,0,CS-,0,1,5
25,renewal,3,control,0,CS-,0,1,5
25,renewal,4,control,0,CS-,0,1,5
25,renewal,5,control,0,CS-,0,2,6
25,renewal,6,control,0,CS-,0,2,6
25,renewal,7,control,0,CS-,0,2,6
25,renewal,8,control,0,CS-,0,2,6
25,renewal,9,control,0,CS-,0,2,6
25,renewal,10,control,0,CS-,0,2,6
25,renewal,11,control,0,CS-,0,2,6
25,renewal,12,control,0,CS-,0,2,6
26,renewal,1,control,0.59749477,CS+,0.357,1,5
26,renewal,2,control,1.519210321,CS+,2.308,1,5
26,renewal,3,control,0,CS+,0,1,5
26,renewal,4,control,0,CS+,0,1,5
26,renewal,5,control,0,CS+,0,2,6
26,renewal,6,control,0,CS+,0,2,6
26,renewal,7,control,0,CS+,0,2,6
26,renewal,8,control,0,CS+,0,2,6
26,renewal,9,control,0,CS+,0,2,6
26,renewal,10,control,0,CS+,0,2,6
26,renewal,11,control,0,CS+,0,2,6
26,renewal,12,control,0,CS+,0,2,6
26,renewal,1,control,1.033440855,CS-,1.068,1,5
26,renewal,2,control,0,CS-,0,1,5
26,renewal,3,control,0,CS-,0,1,5
26,renewal,4,control,0,CS-,0,1,5
26,renewal,5,control,0,CS-,0,2,6
26,renewal,6,control,0,CS-,0,2,6
26,renewal,7,control,0,CS-,0,2,6
26,renewal,8,control,0,CS-,0,2,6
26,renewal,9,control,0,CS-,0,2,6
26,renewal,10,control,0,CS-,0,2,6
26,renewal,11,control,0,CS-,0,2,6
26,renewal,12,control,0,CS-,0,2,6
101,renewal,1,ptsd,1.016857906,CS+,1.034,1,5
101,renewal,2,ptsd,0.872926114,CS+,0.762,1,5
101,renewal,3,ptsd,0.934879671,CS+,0.874,1,5
101,renewal,4,ptsd,0.942867965,CS+,0.889,1,5
101,renewal,5,ptsd,0.803741252,CS+,0.646,2,6
101,renewal,6,ptsd,0.54405882,CS+,0.296,2,6
101,renewal,7,ptsd,0,CS+,0,2,6
101,renewal,8,ptsd,0.880908622,CS+,0.776,2,6
101,renewal,9,ptsd,0,CS+,0,2,6
101,renewal,10,ptsd,0,CS+,0,2,6
101,renewal,11,ptsd,0,CS+,0,2,6
101,renewal,12,ptsd,0,CS+,0,2,6
101,renewal,1,ptsd,0.906642157,CS-,0.822,1,5
101,renewal,2,ptsd,0,CS-,0,1,5
101,renewal,3,ptsd,0.594978991,CS-,0.354,1,5
101,renewal,4,ptsd,0.712741187,CS-,0.508,1,5
101,renewal,5,ptsd,0.633245608,CS-,0.401,2,6
101,renewal,6,ptsd,0,CS-,0,2,6
101,renewal,7,ptsd,0,CS-,0,2,6
101,renewal,8,ptsd,0,CS-,0,2,6
101,renewal,9,ptsd,0,CS-,0,2,6
101,renewal,10,ptsd,0,CS-,0,2,6
101,renewal,11,ptsd,0,CS-,0,2,6
101,renewal,12,ptsd,0,CS-,0,2,6
102,renewal,1,ptsd,0,CS+,0,1,5
102,renewal,2,ptsd,0,CS+,0,1,5
102,renewal,3,ptsd,0,CS+,0,1,5
102,renewal,4,ptsd,0,CS+,0,1,5
102,renewal,5,ptsd,0,CS+,0,2,6
102,renewal,6,ptsd,0,CS+,0,2,6
102,renewal,7,ptsd,0,CS+,0,2,6
102,renewal,8,ptsd,0,CS+,0,2,6
102,renewal,9,ptsd,0,CS+,0,2,6
102,renewal,10,ptsd,0,CS+,0,2,6
102,renewal,11,ptsd,0,CS+,0,2,6
102,renewal,12,ptsd,0,CS+,0,2,6
102,renewal,1,ptsd,0,CS-,0,1,5
102,renewal,2,ptsd,0,CS-,0,1,5
102,renewal,3,ptsd,0,CS-,0,1,5
102,renewal,4,ptsd,0,CS-,0,1,5
102,renewal,5,ptsd,0,CS-,0,2,6
102,renewal,6,ptsd,0,CS-,0,2,6
102,renewal,7,ptsd,0,CS-,0,2,6
102,renewal,8,ptsd,0,CS-,0,2,6
102,renewal,9,ptsd,0,CS-,0,2,6
102,renewal,10,ptsd,0,CS-,0,2,6
102,renewal,11,ptsd,0,CS-,0,2,6
102,renewal,12,ptsd,0,CS-,0,2,6
103,renewal,1,ptsd,0,CS+,0,1,5
103,renewal,2,ptsd,0,CS+,0,1,5
103,renewal,3,ptsd,0,CS+,0,1,5
103,renewal,4,ptsd,0,CS+,0,1,5
103,renewal,5,ptsd,0,CS+,0,2,6
103,renewal,6,ptsd,0,CS+,0,2,6
103,renewal,7,ptsd,0,CS+,0,2,6
103,renewal,8,ptsd,0,CS+,0,2,6
103,renewal,9,ptsd,0,CS+,0,2,6
103,renewal,10,ptsd,0,CS+,0,2,6
103,renewal,11,ptsd,0,CS+,0,2,6
103,renewal,12,ptsd,0,CS+,0,2,6
103,renewal,1,ptsd,0,CS-,0,1,5
103,renewal,2,ptsd,0,CS-,0,1,5
103,renewal,3,ptsd,0,CS-,0,1,5
103,renewal,4,ptsd,0,CS-,0,1,5
103,renewal,5,ptsd,0,CS-,0,2,6
103,renewal,6,ptsd,0,CS-,0,2,6
103,renewal,7,ptsd,0,CS-,0,2,6
103,renewal,8,ptsd,0,CS-,0,2,6
103,renewal,9,ptsd,0,CS-,0,2,6
103,renewal,10,ptsd,0,CS-,0,2,6
103,renewal,11,ptsd,0,CS-,0,2,6
103,renewal,12,ptsd,0,CS-,0,2,6
104,renewal,1,ptsd,0,CS+,0,1,5
104,renewal,2,ptsd,0.969020124,CS+,0.939,1,5
104,renewal,3,ptsd,1.113103769,CS+,1.239,1,5
104,renewal,4,ptsd,1.362350909,CS+,1.856,1,5
104,renewal,5,ptsd,1.21449578,CS+,1.475,2,6
104,renewal,6,ptsd,1.428285686,CS+,2.04,2,6
104,renewal,7,ptsd,1.554991961,CS+,2.418,2,6
104,renewal,8,ptsd,0.735527022,CS+,0.541,2,6
104,renewal,9,ptsd,0,CS+,0,2,6
104,renewal,10,ptsd,0,CS+,0,2,6
104,renewal,11,ptsd,1.345734,CS+,1.811,2,6
104,renewal,12,ptsd,0.655743852,CS+,0.43,2,6
104,renewal,1,ptsd,0,CS-,0,1,5
104,renewal,2,ptsd,0,CS-,0,1,5
104,renewal,3,ptsd,0.91760558,CS-,0.842,1,5
104,renewal,4,ptsd,0,CS-,0,1,5
104,renewal,5,ptsd,0,CS-,0,2,6
104,renewal,6,ptsd,0,CS-,0,2,6
104,renewal,7,ptsd,0,CS-,0,2,6
104,renewal,8,ptsd,0,CS-,0,2,6
104,renewal,9,ptsd,0,CS-,0,2,6
104,renewal,10,ptsd,0,CS-,0,2,6
104,renewal,11,ptsd,0,CS-,0,2,6
104,renewal,12,ptsd,0,CS-,0,2,6
105,renewal,1,ptsd,0,CS+,0,1,5
105,renewal,2,ptsd,0,CS+,0,1,5
105,renewal,3,ptsd,0,CS+,0,1,5
105,renewal,4,ptsd,0,CS+,0,1,5
105,renewal,5,ptsd,0,CS+,0,2,6
105,renewal,6,ptsd,0,CS+,0,2,6
105,renewal,7,ptsd,0,CS+,0,2,6
105,renewal,8,ptsd,0,CS+,0,2,6
105,renewal,9,ptsd,0,CS+,0,2,6
105,renewal,10,ptsd,0,CS+,0,2,6
105,renewal,11,ptsd,0,CS+,0,2,6
105,renewal,12,ptsd,0,CS+,0,2,6
105,renewal,1,ptsd,0,CS-,0,1,5
105,renewal,2,ptsd,0,CS-,0,1,5
105,renewal,3,ptsd,0,CS-,0,1,5
105,renewal,4,ptsd,0,CS-,0,1,5
105,renewal,5,ptsd,0,CS-,0,2,6
105,renewal,6,ptsd,0,CS-,0,2,6
105,renewal,7,ptsd,0,CS-,0,2,6
105,renewal,8,ptsd,0,CS-,0,2,6
105,renewal,9,ptsd,0,CS-,0,2,6
105,renewal,10,ptsd,0,CS-,0,2,6
105,renewal,11,ptsd,0,CS-,0,2,6
105,renewal,12,ptsd,0,CS-,0,2,6
106,renewal,1,ptsd,0.522494019,CS+,0.273,1,5
106,renewal,2,ptsd,0,CS+,0,1,5
106,renewal,3,ptsd,0.500999002,CS+,0.251,1,5
106,renewal,4,ptsd,0.629285309,CS+,0.396,1,5
106,renewal,5,ptsd,0.452769257,CS+,0.205,2,6
106,renewal,6,ptsd,0.526307895,CS+,0.277,2,6
106,renewal,7,ptsd,0,CS+,0,2,6
106,renewal,8,ptsd,0,CS+,0,2,6
106,renewal,9,ptsd,0,CS+,0,2,6
106,renewal,10,ptsd,0.531036722,CS+,0.282,2,6
106,renewal,11,ptsd,0,CS+,0,2,6
106,renewal,12,ptsd,0,CS+,0,2,6
106,renewal,1,ptsd,0.537587202,CS-,0.289,1,5
106,renewal,2,ptsd,0.642650761,CS-,0.413,1,5
106,renewal,3,ptsd,0.502991054,CS-,0.253,1,5
106,renewal,4,ptsd,0.457165178,CS-,0.209,1,5
106,renewal,5,ptsd,0,CS-,0,2,6
106,renewal,6,ptsd,0.748999332,CS-,0.561,2,6
106,renewal,7,ptsd,0.750333259,CS-,0.563,2,6
106,renewal,8,ptsd,0,CS-,0,2,6
106,renewal,9,ptsd,0,CS-,0,2,6
106,renewal,10,ptsd,0,CS-,0,2,6
106,renewal,11,ptsd,0,CS-,0,2,6
106,renewal,12,ptsd,0.493963561,CS-,0.244,2,6
107,renewal,1,ptsd,0,CS+,0,1,5
107,renewal,2,ptsd,0,CS+,0,1,5
107,renewal,3,ptsd,0,CS+,0,1,5
107,renewal,4,ptsd,0,CS+,0,1,5
107,renewal,5,ptsd,0,CS+,0,2,6
107,renewal,6,ptsd,0,CS+,0,2,6
107,renewal,7,ptsd,0,CS+,0,2,6
107,renewal,8,ptsd,0,CS+,0,2,6
107,renewal,9,ptsd,0,CS+,0,2,6
107,renewal,10,ptsd,0,CS+,0,2,6
107,renewal,11,ptsd,0,CS+,0,2,6
107,renewal,12,ptsd,0,CS+,0,2,6
107,renewal,1,ptsd,0,CS-,0,1,5
107,renewal,2,ptsd,0,CS-,0,1,5
107,renewal,3,ptsd,0,CS-,0,1,5
107,renewal,4,ptsd,0,CS-,0,1,5
107,renewal,5,ptsd,0,CS-,0,2,6
107,renewal,6,ptsd,0,CS-,0,2,6
107,renewal,7,ptsd,0,CS-,0,2,6
107,renewal,8,ptsd,0,CS-,0,2,6
107,renewal,9,ptsd,0,CS-,0,2,6
107,renewal,10,ptsd,0,CS-,0,2,6
107,renewal,11,ptsd,0,CS-,0,2,6
107,renewal,12,ptsd,0,CS-,0,2,6
108,renewal,1,ptsd,0.444971909,CS+,0.198,1,5
108,renewal,2,ptsd,0,CS+,0,1,5
108,renewal,3,ptsd,0.836660027,CS+,0.7,1,5
108,renewal,4,ptsd,0,CS+,0,1,5
108,renewal,5,ptsd,0,CS+,0,2,6
108,renewal,6,ptsd,0,CS+,0,2,6
108,renewal,7,ptsd,0,CS+,0,2,6
108,renewal,8,ptsd,0,CS+,0,2,6
108,renewal,9,ptsd,0,CS+,0,2,6
108,renewal,10,ptsd,0,CS+,0,2,6
108,renewal,11,ptsd,0,CS+,0,2,6
108,renewal,12,ptsd,0,CS+,0,2,6
108,renewal,1,ptsd,0.649615271,CS-,0.422,1,5
108,renewal,2,ptsd,0,CS-,0,1,5
108,renewal,3,ptsd,0,CS-,0,1,5
108,renewal,4,ptsd,0,CS-,0,1,5
108,renewal,5,ptsd,0,CS-,0,2,6
108,renewal,6,ptsd,0,CS-,0,2,6
108,renewal,7,ptsd,0,CS-,0,2,6
108,renewal,8,ptsd,0,CS-,0,2,6
108,renewal,9,ptsd,0,CS-,0,2,6
108,renewal,10,ptsd,0,CS-,0,2,6
108,renewal,11,ptsd,0,CS-,0,2,6
108,renewal,12,ptsd,0,CS-,0,2,6
109,renewal,1,ptsd,0,CS+,0,1,5
109,renewal,2,ptsd,0,CS+,0,1,5
109,renewal,3,ptsd,0,CS+,0,1,5
109,renewal,4,ptsd,0,CS+,0,1,5
109,renewal,5,ptsd,0,CS+,0,2,6
109,renewal,6,ptsd,0,CS+,0,2,6
109,renewal,7,ptsd,0,CS+,0,2,6
109,renewal,8,ptsd,0,CS+,0,2,6
109,renewal,9,ptsd,0,CS+,0,2,6
109,renewal,10,ptsd,0,CS+,0,2,6
109,renewal,11,ptsd,0,CS+,0,2,6
109,renewal,12,ptsd,0,CS+,0,2,6
109,renewal,1,ptsd,0,CS-,0,1,5
109,renewal,2,ptsd,0,CS-,0,1,5
109,renewal,3,ptsd,0,CS-,0,1,5
109,renewal,4,ptsd,0,CS-,0,1,5
109,renewal,5,ptsd,0,CS-,0,2,6
109,renewal,6,ptsd,0,CS-,0,2,6
109,renewal,7,ptsd,0,CS-,0,2,6
109,renewal,8,ptsd,0,CS-,0,2,6
109,renewal,9,ptsd,0,CS-,0,2,6
109,renewal,10,ptsd,0,CS-,0,2,6
109,renewal,11,ptsd,0,CS-,0,2,6
109,renewal,12,ptsd,0,CS-,0,2,6
110,renewal,1,ptsd,0,CS+,0,1,5
110,renewal,2,ptsd,0,CS+,0,1,5
110,renewal,3,ptsd,0,CS+,0,1,5
110,renewal,4,ptsd,0,CS+,0,1,5
110,renewal,5,ptsd,0,CS+,0,2,6
110,renewal,6,ptsd,0,CS+,0,2,6
110,renewal,7,ptsd,0,CS+,0,2,6
110,renewal,8,ptsd,0,CS+,0,2,6
110,renewal,9,ptsd,0,CS+,0,2,6
110,renewal,10,ptsd,0,CS+,0,2,6
110,renewal,11,ptsd,0,CS+,0,2,6
110,renewal,12,ptsd,0,CS+,0,2,6
110,renewal,1,ptsd,0,CS-,0,1,5
110,renewal,2,ptsd,0,CS-,0,1,5
110,renewal,3,ptsd,0,CS-,0,1,5
110,renewal,4,ptsd,0,CS-,0,1,5
110,renewal,5,ptsd,0,CS-,0,2,6
110,renewal,6,ptsd,,CS-,,2,6
110,renewal,7,ptsd,0,CS-,0,2,6
110,renewal,8,ptsd,0,CS-,0,2,6
110,renewal,9,ptsd,0,CS-,0,2,6
110,renewal,10,ptsd,0,CS-,0,2,6
110,renewal,11,ptsd,0,CS-,0,2,6
110,renewal,12,ptsd,0,CS-,0,2,6
111,renewal,1,ptsd,0,CS+,0,1,5
111,renewal,2,ptsd,0,CS+,0,1,5
111,renewal,3,ptsd,0,CS+,0,1,5
111,renewal,4,ptsd,0.458257569,CS+,0.21,1,5
111,renewal,5,ptsd,0,CS+,0,2,6
111,renewal,6,ptsd,0,CS+,0,2,6
111,renewal,7,ptsd,0,CS+,0,2,6
111,renewal,8,ptsd,0,CS+,0,2,6
111,renewal,9,ptsd,0,CS+,0,2,6
111,renewal,10,ptsd,0,CS+,0,2,6
111,renewal,11,ptsd,0,CS+,0,2,6
111,renewal,12,ptsd,0,CS+,0,2,6
111,renewal,1,ptsd,0,CS-,0,1,5
111,renewal,2,ptsd,0.502991054,CS-,0.253,1,5
111,renewal,3,ptsd,0,CS-,0,1,5
111,renewal,4,ptsd,0.452769257,CS-,0.205,1,5
111,renewal,5,ptsd,0,CS-,0,2,6
111,renewal,6,ptsd,0.554977477,CS-,0.308,2,6
111,renewal,7,ptsd,0,CS-,0,2,6
111,renewal,8,ptsd,0,CS-,0,2,6
111,renewal,9,ptsd,0,CS-,0,2,6
111,renewal,10,ptsd,0,CS-,0,2,6
111,renewal,11,ptsd,0,CS-,0,2,6
111,renewal,12,ptsd,0,CS-,0,2,6
112,renewal,1,ptsd,0,CS+,0,1,5
112,renewal,2,ptsd,0,CS+,0,1,5
112,renewal,3,ptsd,0,CS+,0,1,5
112,renewal,4,ptsd,0.479583152,CS+,0.23,1,5
112,renewal,5,ptsd,0,CS+,0,2,6
112,renewal,6,ptsd,0,CS+,0,2,6
112,renewal,7,ptsd,0,CS+,0,2,6
112,renewal,8,ptsd,0,CS+,0,2,6
112,renewal,9,ptsd,0,CS+,0,2,6
112,renewal,10,ptsd,0,CS+,0,2,6
112,renewal,11,ptsd,0,CS+,0,2,6
112,renewal,12,ptsd,0,CS+,0,2,6
112,renewal,1,ptsd,0,CS-,0,1,5
112,renewal,2,ptsd,0,CS-,0,1,5
112,renewal,3,ptsd,0,CS-,0,1,5
112,renewal,4,ptsd,0,CS-,0,1,5
112,renewal,5,ptsd,0,CS-,0,2,6
112,renewal,6,ptsd,0,CS-,0,2,6
112,renewal,7,ptsd,0,CS-,0,2,6
112,renewal,8,ptsd,0,CS-,0,2,6
112,renewal,9,ptsd,,CS-,,2,6
112,renewal,10,ptsd,0.630872412,CS-,0.398,2,6
112,renewal,11,ptsd,0,CS-,0,2,6
112,renewal,12,ptsd,0,CS-,0,2,6
113,renewal,1,ptsd,0,CS+,0,1,5
113,renewal,2,ptsd,0,CS+,0,1,5
113,renewal,3,ptsd,0,CS+,0,1,5
113,renewal,4,ptsd,0,CS+,0,1,5
113,renewal,5,ptsd,,CS+,,2,6
113,renewal,6,ptsd,0,CS+,0,2,6
113,renewal,7,ptsd,0,CS+,0,2,6
113,renewal,8,ptsd,0,CS+,0,2,6
113,renewal,9,ptsd,0,CS+,0,2,6
113,renewal,10,ptsd,0,CS+,0,2,6
113,renewal,11,ptsd,0,CS+,0,2,6
113,renewal,12,ptsd,0,CS+,0,2,6
113,renewal,1,ptsd,0,CS-,0,1,5
113,renewal,2,ptsd,0,CS-,0,1,5
113,renewal,3,ptsd,0,CS-,0,1,5
113,renewal,4,ptsd,0,CS-,0,1,5
113,renewal,5,ptsd,0,CS-,0,2,6
113,renewal,6,ptsd,0,CS-,0,2,6
113,renewal,7,ptsd,0,CS-,0,2,6
113,renewal,8,ptsd,0,CS-,0,2,6
113,renewal,9,ptsd,0,CS-,0,2,6
113,renewal,10,ptsd,0,CS-,0,2,6
113,renewal,11,ptsd,0,CS-,0,2,6
113,renewal,12,ptsd,0,CS-,0,2,6
114,renewal,1,ptsd,0,CS+,0,1,5
114,renewal,2,ptsd,0,CS+,0,1,5
114,renewal,3,ptsd,0,CS+,0,1,5
114,renewal,4,ptsd,0,CS+,0,1,5
114,renewal,5,ptsd,0,CS+,0,2,6
114,renewal,6,ptsd,0,CS+,0,2,6
114,renewal,7,ptsd,0,CS+,0,2,6
114,renewal,8,ptsd,0,CS+,0,2,6
114,renewal,9,ptsd,0,CS+,0,2,6
114,renewal,10,ptsd,0,CS+,0,2,6
114,renewal,11,ptsd,0,CS+,0,2,6
114,renewal,12,ptsd,0,CS+,0,2,6
114,renewal,1,ptsd,0,CS-,0,1,5
114,renewal,2,ptsd,0,CS-,0,1,5
114,renewal,3,ptsd,0,CS-,0,1,5
114,renewal,4,ptsd,0,CS-,0,1,5
114,renewal,5,ptsd,0,CS-,0,2,6
114,renewal,6,ptsd,0,CS-,0,2,6
114,renewal,7,ptsd,0,CS-,0,2,6
114,renewal,8,ptsd,0,CS-,0,2,6
114,renewal,9,ptsd,0,CS-,0,2,6
114,renewal,10,ptsd,0,CS-,0,2,6
114,renewal,11,ptsd,0,CS-,0,2,6
114,renewal,12,ptsd,0,CS-,0,2,6
115,renewal,1,ptsd,1.050238068,CS+,1.103,1,5
115,renewal,2,ptsd,0.841427359,CS+,0.708,1,5
115,renewal,3,ptsd,0,CS+,0,1,5
115,renewal,4,ptsd,0,CS+,0,1,5
115,renewal,5,ptsd,0,CS+,0,2,6
115,renewal,6,ptsd,0,CS+,0,2,6
115,renewal,7,ptsd,0,CS+,0,2,6
115,renewal,8,ptsd,0,CS+,0,2,6
115,renewal,9,ptsd,0,CS+,0,2,6
115,renewal,10,ptsd,0,CS+,0,2,6
115,renewal,11,ptsd,0,CS+,0,2,6
115,renewal,12,ptsd,0,CS+,0,2,6
115,renewal,1,ptsd,0.525357021,CS-,0.276,1,5
115,renewal,2,ptsd,0,CS-,0,1,5
115,renewal,3,ptsd,0,CS-,0,1,5
115,renewal,4,ptsd,0,CS-,0,1,5
115,renewal,5,ptsd,0,CS-,0,2,6
115,renewal,6,ptsd,0,CS-,0,2,6
115,renewal,7,ptsd,0,CS-,0,2,6
115,renewal,8,ptsd,0,CS-,0,2,6
115,renewal,9,ptsd,0,CS-,0,2,6
115,renewal,10,ptsd,0,CS-,0,2,6
115,renewal,11,ptsd,0,CS-,0,2,6
115,renewal,12,ptsd,0,CS-,0,2,6
116,renewal,1,ptsd,1.472412986,CS+,2.168,1,5
116,renewal,2,ptsd,1.607482504,CS+,2.584,1,5
116,renewal,3,ptsd,1.991230775,CS+,3.965,1,5
116,renewal,4,ptsd,1.381303732,CS+,1.908,1,5
116,renewal,5,ptsd,0,CS+,0,2,6
116,renewal,6,ptsd,0.898331787,CS+,0.807,2,6
116,renewal,7,ptsd,0,CS+,0,2,6
116,renewal,8,ptsd,1.145425685,CS+,1.312,2,6
116,renewal,9,ptsd,0,CS+,0,2,6
116,renewal,10,ptsd,0,CS+,0,2,6
116,renewal,11,ptsd,0.91760558,CS+,0.842,2,6
116,renewal,12,ptsd,0,CS+,0,2,6
116,renewal,1,ptsd,1.974841766,CS-,3.9,1,5
116,renewal,2,ptsd,0,CS-,0,1,5
116,renewal,3,ptsd,1.680773631,CS-,2.825,1,5
116,renewal,4,ptsd,0,CS-,0,1,5
116,renewal,5,ptsd,1.362350909,CS-,1.856,2,6
116,renewal,6,ptsd,0,CS-,0,2,6
116,renewal,7,ptsd,0,CS-,0,2,6
116,renewal,8,ptsd,0,CS-,0,2,6
116,renewal,9,ptsd,0,CS-,0,2,6
116,renewal,10,ptsd,0,CS-,0,2,6
116,renewal,11,ptsd,0,CS-,0,2,6
116,renewal,12,ptsd,1.553061493,CS-,2.412,2,6
117,renewal,1,ptsd,1.148041811,CS+,1.318,1,5
117,renewal,2,ptsd,1.17940663,CS+,1.391,1,5
117,renewal,3,ptsd,0,CS+,0,1,5
117,renewal,4,ptsd,0,CS+,0,1,5
117,renewal,5,ptsd,0,CS+,0,2,6
117,renewal,6,ptsd,0,CS+,0,2,6
117,renewal,7,ptsd,0,CS+,0,2,6
117,renewal,8,ptsd,0,CS+,0,2,6
117,renewal,9,ptsd,0,CS+,0,2,6
117,renewal,10,ptsd,0,CS+,0,2,6
117,renewal,11,ptsd,0,CS+,0,2,6
117,renewal,12,ptsd,0,CS+,0,2,6
117,renewal,1,ptsd,0.712741187,CS-,0.508,1,5
117,renewal,2,ptsd,0,CS-,0,1,5
117,renewal,3,ptsd,0,CS-,0,1,5
117,renewal,4,ptsd,0,CS-,0,1,5
117,renewal,5,ptsd,0,CS-,0,2,6
117,renewal,6,ptsd,0,CS-,0,2,6
117,renewal,7,ptsd,0,CS-,0,2,6
117,renewal,8,ptsd,0,CS-,0,2,6
117,renewal,9,ptsd,0,CS-,0,2,6
117,renewal,10,ptsd,0,CS-,0,2,6
117,renewal,11,ptsd,0,CS-,0,2,6
117,renewal,12,ptsd,0,CS-,0,2,6
118,renewal,1,ptsd,1.644992401,CS+,2.706,1,5
118,renewal,2,ptsd,0.987927123,CS+,0.976,1,5
118,renewal,3,ptsd,1.017840852,CS+,1.036,1,5
118,renewal,4,ptsd,0,CS+,0,1,5
118,renewal,5,ptsd,1.694107435,CS+,2.87,2,6
118,renewal,6,ptsd,0,CS+,0,2,6
118,renewal,7,ptsd,0,CS+,0,2,6
118,renewal,8,ptsd,0.704982269,CS+,0.497,2,6
118,renewal,9,ptsd,0.777174369,CS+,0.604,2,6
118,renewal,10,ptsd,0,CS+,0,2,6
118,renewal,11,ptsd,0,CS+,0,2,6
118,renewal,12,ptsd,0.439317653,CS+,0.193,2,6
118,renewal,1,ptsd,0.890505474,CS-,0.793,1,5
118,renewal,2,ptsd,0,CS-,0,1,5
118,renewal,3,ptsd,0,CS-,0,1,5
118,renewal,4,ptsd,0,CS-,0,1,5
118,renewal,5,ptsd,0.581377674,CS-,0.338,2,6
118,renewal,6,ptsd,0,CS-,0,2,6
118,renewal,7,ptsd,0,CS-,0,2,6
118,renewal,8,ptsd,0,CS-,0,2,6
118,renewal,9,ptsd,0,CS-,0,2,6
118,renewal,10,ptsd,0,CS-,0,2,6
118,renewal,11,ptsd,0.550454358,CS-,0.303,2,6
118,renewal,12,ptsd,0,CS-,0,2,6
120,renewal,1,ptsd,0,CS+,0,1,5
120,renewal,2,ptsd,0,CS+,0,1,5
120,renewal,3,ptsd,0,CS+,0,1,5
120,renewal,4,ptsd,0,CS+,0,1,5
120,renewal,5,ptsd,0,CS+,0,2,6
120,renewal,6,ptsd,0,CS+,0,2,6
120,renewal,7,ptsd,0,CS+,0,2,6
120,renewal,8,ptsd,0,CS+,0,2,6
120,renewal,9,ptsd,0,CS+,0,2,6
120,renewal,10,ptsd,0,CS+,0,2,6
120,renewal,11,ptsd,0,CS+,0,2,6
120,renewal,12,ptsd,0,CS+,0,2,6
120,renewal,1,ptsd,0,CS-,0,1,5
120,renewal,2,ptsd,0,CS-,0,1,5
120,renewal,3,ptsd,0,CS-,0,1,5
120,renewal,4,ptsd,0,CS-,0,1,5
120,renewal,5,ptsd,0,CS-,0,2,6
120,renewal,6,ptsd,0,CS-,0,2,6
120,renewal,7,ptsd,0,CS-,0,2,6
120,renewal,8,ptsd,0,CS-,0,2,6
120,renewal,9,ptsd,0,CS-,0,2,6
120,renewal,10,ptsd,0,CS-,0,2,6
120,renewal,11,ptsd,0,CS-,0,2,6
120,renewal,12,ptsd,0,CS-,0,2,6
121,renewal,1,ptsd,1.120267825,CS+,1.255,1,5
121,renewal,2,ptsd,1.216552506,CS+,1.48,1,5
121,renewal,3,ptsd,1.141928194,CS+,1.304,1,5
121,renewal,4,ptsd,1.114450537,CS+,1.242,1,5
121,renewal,5,ptsd,1.009455299,CS+,1.019,2,6
121,renewal,6,ptsd,0.819756061,CS+,0.672,2,6
121,renewal,7,ptsd,0.646529195,CS+,0.418,2,6
121,renewal,8,ptsd,0.758946638,CS+,0.576,2,6
121,renewal,9,ptsd,0,CS+,0,2,6
121,renewal,10,ptsd,1.001998004,CS+,1.004,2,6
121,renewal,11,ptsd,0.619677335,CS+,0.384,2,6
121,renewal,12,ptsd,0,CS+,0,2,6
121,renewal,1,ptsd,0,CS-,0,1,5
121,renewal,2,ptsd,0.626099034,CS-,0.392,1,5
121,renewal,3,ptsd,1.193733639,CS-,1.425,1,5
121,renewal,4,ptsd,0.900555384,CS-,0.811,1,5
121,renewal,5,ptsd,1.03247276,CS-,1.066,2,6
121,renewal,6,ptsd,1.089495296,CS-,1.187,2,6
121,renewal,7,ptsd,0.977241014,CS-,0.955,2,6
121,renewal,8,ptsd,0.554977477,CS-,0.308,2,6
121,renewal,9,ptsd,0,CS-,0,2,6
121,renewal,10,ptsd,0.932201695,CS-,0.869,2,6
121,renewal,11,ptsd,0,CS-,0,2,6
121,renewal,12,ptsd,0.86890736,CS-,0.755,2,6
122,renewal,1,ptsd,1.276322843,CS+,1.629,1,5
122,renewal,2,ptsd,1.236931688,CS+,1.53,1,5
122,renewal,3,ptsd,0,CS+,0,1,5
122,renewal,4,ptsd,1.051665346,CS+,1.106,1,5
122,renewal,5,ptsd,0,CS+,0,2,6
122,renewal,6,ptsd,0,CS+,0,2,6
122,renewal,7,ptsd,0,CS+,0,2,6
122,renewal,8,ptsd,0,CS+,0,2,6
122,renewal,9,ptsd,0,CS+,0,2,6
122,renewal,10,ptsd,0,CS+,0,2,6
122,renewal,11,ptsd,0,CS+,0,2,6
122,renewal,12,ptsd,0,CS+,0,2,6
122,renewal,1,ptsd,0.969020124,CS-,0.939,1,5
122,renewal,2,ptsd,0,CS-,0,1,5
122,renewal,3,ptsd,0,CS-,0,1,5
122,renewal,4,ptsd,0,CS-,0,1,5
122,renewal,5,ptsd,0,CS-,0,2,6
122,renewal,6,ptsd,0,CS-,0,2,6
122,renewal,7,ptsd,0,CS-,0,2,6
122,renewal,8,ptsd,0,CS-,0,2,6
122,renewal,9,ptsd,0,CS-,0,2,6
122,renewal,10,ptsd,0,CS-,0,2,6
122,renewal,11,ptsd,0,CS-,0,2,6
122,renewal,12,ptsd,0,CS-,0,2,6
123,renewal,1,ptsd,0.602494813,CS+,0.363,1,5
123,renewal,2,ptsd,0,CS+,0,1,5
123,renewal,3,ptsd,0,CS+,0,1,5
123,renewal,4,ptsd,0,CS+,0,1,5
123,renewal,5,ptsd,0,CS+,0,2,6
123,renewal,6,ptsd,0.523450093,CS+,0.274,2,6
123,renewal,7,ptsd,0,CS+,0,2,6
123,renewal,8,ptsd,0,CS+,0,2,6
123,renewal,9,ptsd,0,CS+,0,2,6
123,renewal,10,ptsd,0,CS+,0,2,6
123,renewal,11,ptsd,0,CS+,0,2,6
123,renewal,12,ptsd,0,CS+,0,2,6
123,renewal,1,ptsd,0,CS-,0,1,5
123,renewal,2,ptsd,0.699285349,CS-,0.489,1,5
123,renewal,3,ptsd,0,CS-,0,1,5
123,renewal,4,ptsd,0,CS-,0,1,5
123,renewal,5,ptsd,0,CS-,0,2,6
123,renewal,6,ptsd,0,CS-,0,2,6
123,renewal,7,ptsd,0,CS-,0,2,6
123,renewal,8,ptsd,0,CS-,0,2,6
123,renewal,9,ptsd,0,CS-,0,2,6
123,renewal,10,ptsd,0,CS-,0,2,6
123,renewal,11,ptsd,0,CS-,0,2,6
123,renewal,12,ptsd,0,CS-,0,2,6
124,renewal,1,ptsd,1.105893304,CS+,1.223,1,5
124,renewal,2,ptsd,0.907193474,CS+,0.823,1,5
124,renewal,3,ptsd,1.020784012,CS+,1.042,1,5
124,renewal,4,ptsd,0.845576726,CS+,0.715,1,5
124,renewal,5,ptsd,0,CS+,0,2,6
124,renewal,6,ptsd,0,CS+,0,2,6
124,renewal,7,ptsd,0,CS+,0,2,6
124,renewal,8,ptsd,0,CS+,0,2,6
124,renewal,9,ptsd,0,CS+,0,2,6
124,renewal,10,ptsd,0,CS+,0,2,6
124,renewal,11,ptsd,0,CS+,0,2,6
124,renewal,12,ptsd,0,CS+,0,2,6
124,renewal,1,ptsd,1.137101579,CS-,1.293,1,5
124,renewal,2,ptsd,0.977241014,CS-,0.955,1,5
124,renewal,3,ptsd,0.890505474,CS-,0.793,1,5
124,renewal,4,ptsd,0,CS-,0,1,5
124,renewal,5,ptsd,0,CS-,0,2,6
124,renewal,6,ptsd,0.522494019,CS-,0.273,2,6
124,renewal,7,ptsd,0,CS-,0,2,6
124,renewal,8,ptsd,0.563914887,CS-,0.318,2,6
124,renewal,9,ptsd,0,CS-,0,2,6
124,renewal,10,ptsd,0,CS-,0,2,6
124,renewal,11,ptsd,0,CS-,0,2,6
124,renewal,12,ptsd,0,CS-,0,2,6
125,renewal,1,ptsd,0,CS+,0,1,5
125,renewal,2,ptsd,1.250599856,CS+,1.564,1,5
125,renewal,3,ptsd,1.122942563,CS+,1.261,1,5
125,renewal,4,ptsd,1.011434625,CS+,1.023,1,5
125,renewal,5,ptsd,0,CS+,0,2,6
125,renewal,6,ptsd,0,CS+,0,2,6
125,renewal,7,ptsd,0,CS+,0,2,6
125,renewal,8,ptsd,0,CS+,0,2,6
125,renewal,9,ptsd,0,CS+,0,2,6
125,renewal,10,ptsd,0,CS+,0,2,6
125,renewal,11,ptsd,0,CS+,0,2,6
125,renewal,12,ptsd,0,CS+,0,2,6
125,renewal,1,ptsd,0.897217922,CS-,0.805,1,5
125,renewal,2,ptsd,0,CS-,0,1,5
125,renewal,3,ptsd,0,CS-,0,1,5
125,renewal,4,ptsd,0,CS-,0,1,5
125,renewal,5,ptsd,0,CS-,0,2,6
125,renewal,6,ptsd,0,CS-,0,2,6
125,renewal,7,ptsd,0,CS-,0,2,6
125,renewal,8,ptsd,0,CS-,0,2,6
125,renewal,9,ptsd,0,CS-,0,2,6
125,renewal,10,ptsd,0,CS-,0,2,6
125,renewal,11,ptsd,0,CS-,0,2,6
125,renewal,12,ptsd,0,CS-,0,2,6